iter	Logloss
0	0.4652939753
1	0.332997688
2	0.2581856531
3	0.212100913
4	0.1712723573
5	0.1435038656
6	0.1213232737
7	0.1072985269
8	0.09388919379
9	0.08850134362
10	0.08095082736
11	0.07572460443
12	0.07120332719
13	0.06710252387
14	0.06375041606
15	0.06027574942
